cell_id,channel,policy,cycle_life
1,47,3.6C(80%)-3.6C,1190
2,48,3.6C(80%)-3.6C,1179
3,49,3.6C(80%)-3.6C,1177
4,50,4C(80%)-4C,1226
5,51,4C(80%)-4C,1227
6,52,4.4C(80%)-4.4C,1074
7,53,4.8C(80%)-4.8C,636
8,54,4.8C(80%)-4.8C,870
9,55,5.4C(40%)-3.6C,879
10,56,5.4C(40%)-3.6C,1054
11,57,5.4C(50%)-3C,906
12,58,5.4C(50%)-3C,788
13,59,5.4C(50%)-3.6C,902
14,60,5.4C(50%)-3.6C,897
15,61,5.4C(60%)-3C,880
16,62,5.4C(60%)-3C,719
17,63,5.4C(60%)-3.6C,862
18,64,5.4C(60%)-3.6C,857
19,65,5.4C(70%)-3C,691
20,66,5.4C(70%)-3C,788
21,67,5.4C(80%)-5.4C,534
22,68,5.4C(80%)-5.4C,559
23,69,6C(30%)-3.6C,891
24,70,6C(30%)-3.6C,1014
25,71,6C(40%)-3C,1017
26,72,6C(40%)-3C,854
27,73,6C(40%)-3.6C,870
28,74,6C(40%)-3.6C,842
29,75,6C(50%)-3C,860
30,76,6C(50%)-3C,917
31,77,6C(50%)-3.6C,709
32,78,6C(50%)-3.6C,876
33,79,6C(60%)-3C,731
34,80,6C(60%)-3C,757
35,81,7C(30%)-3.6C,742
36,82,7C(30%)-3.6C,703
37,83,7C(40%)-3C,704
38,84,7C(40%)-3C,648
39,85,7C(40%)-3.6C,617
40,86,7C(40%)-3.6C,625
41,87,8C(15%)-3.6C,966
42,88,8C(15%)-3.6C,1051
43,89,8C(25%)-3.6C,702
44,90,8C(25%)-3.6C,651
45,91,8C(35%)-3.6C,616
46,92,8C(35%)-3.6C,599
