batch,cell_id,policy,protocol,log10_dqv_var,cycle_life,split,fold,predicted_cycle_life,error_cycles,APE_pct
batch2,1,5.2C(58%)-4C,5.2|58.0|4.0,-3.4872647963011447,477.0,test,0,625.406557047811,148.40655704781102,31.112485754258074
batch2,2,5.6C(26%)-4.5C,5.6|26.0|4.5,-3.2980513654760366,491.0,test,0,522.0889198523845,31.088919852384493,6.331755570750405
batch2,3,5.2C(50%)-4.25C,5.2|50.0|4.25,-3.4602483651128177,424.0,test,0,610.654571294692,186.654571294692,44.02230455063491
batch2,4,4.65C(44%)-5C,4.65|44.0|5.0,-3.496242996974693,499.0,test,0,630.3089916995816,131.3089916995816,26.31442719430493
batch2,5,4.65C(69%)-6C,4.65|69.0|6.0,-3.232506812226559,444.0,test,0,486.2991329263961,42.29913292639611,9.526831740179306
batch2,6,3.6C(30%)-6C,3.6|30.0|6.0,-3.085881724279185,416.0,test,0,406.2363299095395,-9.763670090460494,2.347036079437619
batch2,7,3.6C(9%)-5C,3.6|9.0|5.0,-3.53003968650195,393.0,test,0,648.7632530686442,255.7632530686442,65.07970815996035
batch2,8,4.8C(80%)-4.8C-newstructure,4.8|80.0|4.8,-4.231670089905405,777.0,test,0,1031.8797958426237,254.8797958426237,32.8030625280082
batch2,9,5.2C(58%)-4C-newstructure,5.2|58.0|4.0,-4.10242248030074,904.0,test,0,961.3057484334114,57.305748433411395,6.339131463872941
batch2,10,5.6C(26%)-4.5C-newstructure,5.6|26.0|4.5,-4.344425682662564,791.0,test,0,1093.4485828649745,302.44858286497447,38.23623045069209
batch2,11,4.8C(80%)-4.8C,4.8|80.0|4.8,-3.4509001132975605,492.0,test,0,605.5500748260826,113.55007482608255,23.07928350123629
batch2,12,5.2C(50%)-4.25C,5.2|50.0|4.25,-3.485393220979881,449.0,test,0,624.3846066546331,175.3846066546331,39.06115961127686
batch2,13,4.65C(44%)-5C,4.65|44.0|5.0,-3.1679683681509765,466.0,test,0,451.05871938343995,-14.94128061656005,3.206283394111599
batch2,14,4.65C(69%)-6C,4.65|69.0|6.0,-3.3444477218838284,460.0,test,0,547.4230723891601,87.4230723891601,19.005015736773935
batch2,15,3.6C(30%)-6C,3.6|30.0|6.0,-3.118519966248836,426.0,test,0,424.0580354185624,-1.9419645814376167,0.4558602303844171
batch2,16,3.6C(9%)-5C,3.6|9.0|5.0,-3.516251926776714,396.0,test,0,641.2346186011135,245.23461860111354,61.927933990180186
batch2,17,4.8C(80%)-4.8C,4.8|80.0|4.8,-3.494880991874622,472.0,test,0,629.5652857788455,157.56528577884546,33.382475800602855
batch2,18,5.6C(26%)-4.5C,5.6|26.0|4.5,-3.5003441284740386,471.0,test,0,632.5483634740502,161.54836347405023,34.299015599586035
batch2,19,5.2C(50%)-4.25C,5.2|50.0|4.25,-3.707302736176298,449.0,test,0,745.5555334820644,296.55553348206445,66.04800300268697
batch2,20,6C(60%)-3C,6.0|60.0|3.0,-3.291958004542694,392.0,test,0,518.761716009261,126.76171600926102,32.3371724513421
batch2,21,5.2C(58%)-4C,5.2|58.0|4.0,-3.4413054314104006,489.0,test,0,600.3110182860667,111.31101828606666,22.762989424553506
batch2,22,6C(60%)-3C,6.0|60.0|3.0,-3.326679075199306,408.0,test,0,537.7207241805804,129.72072418058042,31.794295142299124
batch2,25,4.8C(80%)-4.8C,4.8|80.0|4.8,-3.6408852680750527,514.0,test,0,709.2891022736691,195.28910227366907,37.99398876919632
batch2,26,5.2C(58%)-4C,5.2|58.0|4.0,-3.5344779300217333,493.0,test,0,651.1867006630476,158.18670066304765,32.08655185863036
batch2,27,5.6C(26%)-4.5C,5.6|26.0|4.5,-3.2220536077932804,450.0,test,0,480.5912908432126,30.59129084321262,6.798064631825026
batch2,28,5.2C(50%)-4.25C,5.2|50.0|4.25,-3.48620363289781,474.0,test,0,624.8271219885094,150.82712198850936,31.820067930065264
batch2,29,4.8C(80%)-4.8C,4.8|80.0|4.8,-3.4234111691232063,437.0,test,0,590.5400792422258,153.54007924222583,35.13502957488006
batch2,30,5.2C(58%)-4C,5.2|58.0|4.0,-3.5082481790944344,452.0,test,0,636.8642718681385,184.86427186813853,40.899175192066046
batch2,31,5.6C(26%)-4.5C,5.6|26.0|4.5,-3.1854095592748743,412.0,test,0,460.58226456169194,48.58226456169194,11.791811786818434
batch2,32,5.6C(26%)-4.5C,5.6|26.0|4.5,-3.35235883148731,425.0,test,0,551.7428352530408,126.74283525304077,29.821843588950767
batch2,33,4.8C(80%)-4.8C-newstructure,4.8|80.0|4.8,-4.131466155166347,809.0,test,0,977.1646853466175,168.1646853466175,20.786734900694373
batch2,34,5.2C(58%)-4C-newstructure,5.2|58.0|4.0,-4.23162831933775,1140.0,test,0,1031.8569875444196,-108.14301245558045,9.486229162770215
batch2,35,5.6C(26%)-4.5C-newstructure,5.6|26.0|4.5,-4.448585173324752,1186.0,test,0,1150.3235754052416,-35.67642459475837,3.0081302356457313
batch2,42,5.6C(26%)-4.5C,5.6|26.0|4.5,-3.1723658101769976,442.0,test,0,453.4598878303686,11.459887830368586,2.5927348032508113
batch2,43,5.2C(50%)-4.25C,5.2|50.0|4.25,-3.482587648007536,474.0,test,0,622.8526584772867,148.8526584772867,31.403514446684955
batch2,44,4.8C(80%)-4.8C-newstructure,4.8|80.0|4.8,-4.271781928623568,1029.0,test,0,1053.782365770417,24.782365770417073,2.4083931749676455
batch2,45,5.2C(58%)-4C-newstructure,5.2|58.0|4.0,-4.36452348032534,841.0,test,0,1104.4227349549974,263.4227349549974,31.322560636741663
batch2,46,5.6C(26%)-4.5C-newstructure,5.6|26.0|4.5,-4.175214949171005,997.0,test,0,1001.0531694092982,4.053169409298221,0.4065365505815668
batch2,47,4.8C(80%)-4.8C,4.8|80.0|4.8,-3.5088751328187002,503.0,test,0,637.2066121403885,134.20661214038853,26.681235017969886
batch1,4,4C(80%)-4C,4.0|80.0|4.0,-4.442613359277012,1226.0,train_cv,2,1156.5081594695696,-69.49184053043041,5.6681762259731165
batch1,5,4C(80%)-4C,4.0|80.0|4.0,-4.647743660307859,1227.0,train_cv,2,1269.7388121997806,42.73881219978057,3.483195778303225
batch1,6,4.4C(80%)-4.4C,4.4|80.0|4.4,-4.178877963304522,1074.0,train_cv,3,992.4699679906253,-81.53003200937474,7.591250652641968
batch1,7,4.8C(80%)-4.8C,4.8|80.0|4.8,-3.768877900227724,636.0,train_cv,1,778.8030115456273,142.80301154562733,22.453303702142662
batch1,8,4.8C(80%)-4.8C,4.8|80.0|4.8,-3.8134860773269863,870.0,train_cv,1,803.3199967985455,-66.6800032014545,7.664368184075229
batch1,9,5.4C(40%)-3.6C,5.4|40.0|3.6,-4.001194608771134,879.0,train_cv,5,900.1977476086357,21.197747608635723,2.411575382097352
batch1,10,5.4C(40%)-3.6C,5.4|40.0|3.6,-4.059383677769545,1054.0,train_cv,5,930.8333174580569,-123.16668254194315,11.685643504928192
batch1,11,5.4C(50%)-3C,5.4|50.0|3.0,-4.022573146487059,906.0,train_cv,4,925.6771819923848,19.677181992384817,2.1718743920954546
batch1,12,5.4C(50%)-3C,5.4|50.0|3.0,-4.146896530502188,788.0,train_cv,4,996.6505697544021,208.6505697544021,26.47849869979722
batch1,13,5.4C(50%)-3.6C,5.4|50.0|3.6,-4.125190648988873,902.0,train_cv,3,963.7059412496394,61.70594124963941,6.841013442310356
batch1,14,5.4C(50%)-3.6C,5.4|50.0|3.6,-4.048006457642694,897.0,train_cv,3,922.3530039279876,25.35300392798763,2.82642184258502
batch1,15,5.4C(60%)-3C,5.4|60.0|3.0,-4.046069839990279,880.0,train_cv,2,937.6185985459512,57.61859854595116,6.547568016585358
batch1,16,5.4C(60%)-3C,5.4|60.0|3.0,-4.017949103167607,719.0,train_cv,2,922.0961263919866,203.09612639198656,28.247027314601745
batch1,21,5.4C(80%)-5.4C,5.4|80.0|5.4,-3.367237410245857,534.0,train_cv,1,558.0584169402773,24.05841694027731,4.5053215243965
batch1,22,5.4C(80%)-5.4C,5.4|80.0|5.4,-3.3503380515995875,559.0,train_cv,1,548.7704039871271,-10.22959601287289,1.8299813976516797
batch1,23,6C(30%)-3.6C,6.0|30.0|3.6,-3.952168673142781,891.0,train_cv,5,874.3864139470395,-16.6135860529605,1.8646000059439394
batch1,24,6C(30%)-3.6C,6.0|30.0|3.6,-4.0407936433278895,1014.0,train_cv,5,921.045975807067,-92.95402419293305,9.167063529875055
batch1,25,6C(40%)-3C,6.0|40.0|3.0,-3.938662523656534,1017.0,train_cv,4,877.7745189601546,-139.22548103984536,13.689821144527567
batch1,26,6C(40%)-3C,6.0|40.0|3.0,-4.027888820540259,854.0,train_cv,4,928.7117792146444,74.71177921464437,8.7484518986703
batch1,27,6C(40%)-3.6C,6.0|40.0|3.6,-3.795219996785343,870.0,train_cv,3,786.9177225669196,-83.08227743308044,9.549687061273612
batch1,28,6C(40%)-3.6C,6.0|40.0|3.6,-3.8537032000559392,842.0,train_cv,3,818.2512404419905,-23.74875955800951,2.8205177622339086
batch1,29,6C(50%)-3C,6.0|50.0|3.0,-3.844711807496199,860.0,train_cv,2,826.4702146299779,-33.52978537002207,3.8988122523281477
batch1,30,6C(50%)-3C,6.0|50.0|3.0,-3.8382817049630766,917.0,train_cv,2,822.9208379494546,-94.07916205054539,10.259450605293935
batch1,33,6C(60%)-3C,6.0|60.0|3.0,-3.6464634970703615,731.0,train_cv,1,711.5231469083546,-19.476853091645353,2.664412187639583
batch1,34,6C(60%)-3C,6.0|60.0|3.0,-3.6670575975866417,757.0,train_cv,1,722.8418174187241,-34.15818258127592,4.5123094559149175
batch1,37,7C(40%)-3C,7.0|40.0|3.0,-3.669501342595944,704.0,train_cv,5,725.5668006043082,21.56680060430824,3.063465994930148
batch1,38,7C(40%)-3C,7.0|40.0|3.0,-3.673938893314921,648.0,train_cv,5,727.9030967051323,79.90309670513227,12.330724800174732
batch1,39,7C(40%)-3.6C,7.0|40.0|3.6,-3.4330481735466756,617.0,train_cv,4,589.1308047251833,-27.86919527481666,4.516887402725553
batch1,40,7C(40%)-3.6C,7.0|40.0|3.6,-3.5045337204530713,625.0,train_cv,4,629.9402749641057,4.940274964105697,0.7904439942569116
batch1,41,8C(15%)-3.6C,8.0|15.0|3.6,-4.0552127051547355,966.0,train_cv,3,926.2138917146224,-39.78610828537762,4.118644750039091
batch1,42,8C(15%)-3.6C,8.0|15.0|3.6,-4.071513969179501,1051.0,train_cv,3,934.9476121530005,-116.05238784699952,11.042092088201667
batch1,43,8C(25%)-3.6C,8.0|25.0|3.6,-3.6658557852690015,702.0,train_cv,2,727.7428006899513,25.74280068995131,3.6670656253491893
batch1,44,8C(25%)-3.6C,8.0|25.0|3.6,-3.667779071634814,651.0,train_cv,2,728.8044428242127,77.80444282421274,11.951527315547272
batch1,45,8C(35%)-3.6C,8.0|35.0|3.6,-3.42070000480644,616.0,train_cv,1,587.4418557548224,-28.558144245177573,4.636062377463892
batch1,46,8C(35%)-3.6C,8.0|35.0|3.6,-3.425292235698853,599.0,train_cv,1,589.9657799406674,-9.034220059332597,1.5082170382859093
batch1,1,3.6C(80%)-3.6C,3.6|80.0|3.6,-5.014861042960788,1190.0,valid,0,1459.5314608943986,269.5314608943986,22.649702596167952
batch1,2,3.6C(80%)-3.6C,3.6|80.0|3.6,-5.013959617162855,1179.0,valid,0,1459.03924856495,280.03924856494996,23.7522687502078
batch1,3,3.6C(80%)-3.6C,3.6|80.0|3.6,-4.7369997419805365,1177.0,valid,0,1307.8087583349707,130.80875833497066,11.113743273999207
batch1,17,5.4C(60%)-3.6C,5.4|60.0|3.6,-4.099413675443745,862.0,valid,0,959.6628280167618,97.66282801676175,11.329794433499043
batch1,18,5.4C(60%)-3.6C,5.4|60.0|3.6,-3.970159451162403,857.0,valid,0,889.0851687457377,32.08516874573775,3.7438936692809506
batch1,19,5.4C(70%)-3C,5.4|70.0|3.0,-3.650080545153841,691.0,valid,0,714.3100687927731,23.31006879277311,3.3733818802855438
batch1,20,5.4C(70%)-3C,5.4|70.0|3.0,-3.6199068274368353,788.0,valid,0,697.8340860555628,-90.1659139444372,11.442374866045329
batch1,31,6C(50%)-3.6C,6.0|50.0|3.6,-3.744699217898308,709.0,valid,0,765.9754165426455,56.97541654264546,8.036024900232082
batch1,32,6C(50%)-3.6C,6.0|50.0|3.6,-3.777732624088043,876.0,valid,0,784.0128965521633,-91.98710344783672,10.500810895871771
batch1,35,7C(30%)-3.6C,7.0|30.0|3.6,-3.848616157008837,742.0,valid,0,822.7179668291769,80.71796682917693,10.87843218722061
batch1,36,7C(30%)-3.6C,7.0|30.0|3.6,-3.77260581559603,703.0,valid,0,781.2134666309447,78.21346663094471,11.125670929010628
