candidate,model,feature_set,features,n_features,model_rank,CV_MAPE_pct,CV_std_pp,CV_se_pp,fold_MAPE_pct,params,within_one_se
LinearRegression (L),LinearRegression,L,"[""log10_dqv_var""]",1,0,7.597758645733431,1.4075541919645762,0.703777095982288,"[6.221746983446296, 9.215352891747749, 6.398518228469376, 9.399329588678834, 6.753845536324904]",{},True
Ridge (L),Ridge,L,"[""log10_dqv_var""]",1,1,7.50908031524357,1.4047062574349605,0.7023531287174802,"[5.761620881642775, 9.164404495902593, 6.4567640396868935, 9.156022679087101, 7.006589479898488]","{""regressor__alpha"": 1}",True
DecisionTree (L),DecisionTree,L,"[""log10_dqv_var""]",1,2,9.259375888624895,3.4592748264483952,1.7296374132241976,"[15.046953324416945, 11.284835607687112, 5.90742595997505, 7.752763913036604, 6.304900638008766]","{""regressor__max_depth"": 2, ""regressor__min_samples_leaf"": 3}",False
SVR (L),SVR,L,"[""log10_dqv_var""]",1,3,8.77733360569737,2.6378501701971797,1.3189250850985896,"[8.953868840201926, 12.841492703430218, 6.195861195639609, 10.206284714147595, 5.689160575067506]","{""regressor__C"": 1000, ""regressor__epsilon"": 50, ""regressor__gamma"": 0.1}",False
RandomForest (L),RandomForest,L,"[""log10_dqv_var""]",1,4,9.315132441925877,3.378290590287307,1.6891452951436532,"[14.463515904085133, 11.525492623909676, 5.615704365729387, 9.112070620496072, 5.858878695409114]","{""regressor__max_depth"": 2, ""regressor__min_samples_leaf"": 2}",False
LinearRegression (L+E),LinearRegression,L+E,"[""log10_dqv_var"", ""equivalent_c_rate""]",2,0,8.572939891692176,1.3594797456824577,0.6797398728412288,"[9.755626226606779, 9.174240511886257, 6.037806749756318, 9.56964346561312, 8.327382504598408]",{},False
Ridge (L+E),Ridge,L+E,"[""log10_dqv_var"", ""equivalent_c_rate""]",2,1,8.502240781900152,1.3475420041345638,0.6737710020672818,"[9.336448787374936, 9.107785916283449, 5.839281680012707, 9.411578348799814, 8.816109177029857]","{""regressor__alpha"": 1}",False
DecisionTree (L+E),DecisionTree,L+E,"[""log10_dqv_var"", ""equivalent_c_rate""]",2,2,9.280487930848931,3.439016164741601,1.7195080823708004,"[15.046953324416945, 11.284835607687112, 6.012986171095232, 7.752763913036604, 6.304900638008766]","{""regressor__max_depth"": 2, ""regressor__min_samples_leaf"": 3}",False
SVR (L+E),SVR,L+E,"[""log10_dqv_var"", ""equivalent_c_rate""]",2,3,8.786712967533884,3.7513137573808852,1.8756568786904426,"[7.650906692117598, 12.542085830083538, 4.525885412245845, 13.818481840505022, 5.396205062717412]","{""regressor__C"": 10000, ""regressor__epsilon"": 10, ""regressor__gamma"": 0.1}",False
RandomForest (L+E),RandomForest,L+E,"[""log10_dqv_var"", ""equivalent_c_rate""]",2,4,9.000420948571694,3.343996848497886,1.671998424248943,"[14.544930445619675, 10.397532377677345, 4.928434899831056, 8.688010779900262, 6.44319623983013]","{""regressor__max_depth"": 2, ""regressor__min_samples_leaf"": 2}",False
LinearRegression (L+T),LinearRegression,L+T,"[""log10_dqv_var"", ""thermal_charge_interaction""]",2,0,7.990018393103884,0.9605705159078285,0.48028525795391425,"[7.845727124604698, 9.078300171004479, 6.623469250708636, 9.053226968442633, 7.349368450758975]",{},True
Ridge (L+T),Ridge,L+T,"[""log10_dqv_var"", ""thermal_charge_interaction""]",2,1,7.990181772223478,0.9602749197314241,0.480137459865712,"[7.846863282959224, 9.078116135583828, 6.623581848611402, 9.052604245914674, 7.3497433480482615]","{""regressor__alpha"": 0.001}",True
DecisionTree (L+T),DecisionTree,L+T,"[""log10_dqv_var"", ""thermal_charge_interaction""]",2,2,9.296004218230367,2.870389878155701,1.4351949390778505,"[14.011175353863436, 10.139641029586427, 6.540259098485713, 9.72865062908083, 6.0602949801354224]","{""regressor__max_depth"": 3, ""regressor__min_samples_leaf"": 3}",False
SVR (L+T),SVR,L+T,"[""log10_dqv_var"", ""thermal_charge_interaction""]",2,3,8.662351482667113,2.0845983135181423,1.0422991567590711,"[8.53936066205909, 12.381123841129511, 6.5909525917732665, 9.002610034515001, 6.797710283858692]","{""regressor__C"": 1000, ""regressor__epsilon"": 50, ""regressor__gamma"": 0.1}",False
RandomForest (L+T),RandomForest,L+T,"[""log10_dqv_var"", ""thermal_charge_interaction""]",2,4,9.299664531982202,4.075096344740887,2.0375481723704434,"[16.409273721415353, 10.859577179289058, 5.175202844812433, 8.191653823795484, 5.8626150905986805]","{""regressor__max_depth"": 2, ""regressor__min_samples_leaf"": 2}",False
LinearRegression (L+E+T),LinearRegression,L+E+T,"[""log10_dqv_var"", ""equivalent_c_rate"", ""thermal_charge_interaction""]",3,0,8.449081033845683,1.6391776213284208,0.8195888106642104,"[7.30391323291621, 8.887633969977173, 6.0563964263833885, 9.161171768746396, 10.836289771205253]",{},False
Ridge (L+E+T),Ridge,L+E+T,"[""log10_dqv_var"", ""equivalent_c_rate"", ""thermal_charge_interaction""]",3,1,8.428166231519658,1.7250327446368219,0.8625163723184109,"[7.546690885923139, 8.658817309577758, 5.95582408393665, 8.753033784078013, 11.226465094082725]","{""regressor__alpha"": 1}",False
DecisionTree (L+E+T),DecisionTree,L+E+T,"[""log10_dqv_var"", ""equivalent_c_rate"", ""thermal_charge_interaction""]",3,2,9.606160174907332,4.038104709399623,2.0190523546998116,"[16.74502459388955, 11.284835607687112, 5.94327612191463, 7.752763913036604, 6.304900638008766]","{""regressor__max_depth"": 2, ""regressor__min_samples_leaf"": 3}",False
SVR (L+E+T),SVR,L+E+T,"[""log10_dqv_var"", ""equivalent_c_rate"", ""thermal_charge_interaction""]",3,3,11.126020761345842,2.565488470824909,1.2827442354124545,"[13.86080409845169, 10.361333944533795, 6.523783886414028, 12.125701965468387, 12.758479911861306]","{""regressor__C"": 1000, ""regressor__epsilon"": 10, ""regressor__gamma"": 0.1}",False
RandomForest (L+E+T),RandomForest,L+E+T,"[""log10_dqv_var"", ""equivalent_c_rate"", ""thermal_charge_interaction""]",3,4,8.846857744828736,4.014501652184814,2.007250826092407,"[16.02411192868149, 9.822220588051653, 4.264030216365102, 7.671389198420499, 6.452536792624943]","{""regressor__max_depth"": 2, ""regressor__min_samples_leaf"": 2}",False
